Name,Username,User ID,Balance,Currency,PinCode,Status,Transaction_Type,Transaction_Amount
Henry,13Henry,3033423940,1100.0,PKR,1111,Active,Deposit,1000.0
Yen,2628Yen,5266535970,1000.0,PKR,2222,Active,,
Ben,1204Ben,5152212836,1100.0,PKR,1222,Active,,
Geralt,2484Geralt,3464556724,10000.0,PKR,1111,Active,,
tom,3950tom,0525014169,100.0,PKR,1111,Active,,
rigel,196rigel,3611232847,200.0,PKR,1111,Active,Deposit,100.0
Jake,1791Jake,0561321488,1000.0,PKR,1111,Active,,
Ginny,159Ginny,3233120104,1900.0,PKR,1111,Active,Deposit,100.0
Timothy,1364Timothy,5124651392,1111.0,PKR,4433,Active,,
